programme_id,university,programme_name,year,country/area,region,school_type,college_type,ranking_tier,statistics_core,programming_core,machine_learning_core,data_visualization_core,business_analytics_core,core_category_count,prerequisites,GRE_GMAT_policy,tuition_amount,currency,duration_months,outcomes_reported,source_type,source_url,access_date,english_requirement,work_experience_required,application_fee,minimum_gpa,non_business_background_accepted,study_mode,application_deadline,,,,,,,,,,,,,,,,,,,,,,,,,,,,,,
NUS_MSBA,National University of Singapore,MSc Business Analytics,2026,Singapore,Asia,Public,Interdisciplinary/Other,Top,1,1,1,0,1,4,Recommended,Optional,87550,SGD,14,0,Official Website,https://msba.nus.edu.sg/programme/#curriculum,2026-09-27,NR,Not required (alternative to degree: 2 years relevant work experience),S$100,Not specified,Yes (preferably Business/Computing/Economics/Engineering/Math/Science/Statistics),Full-time,2027/1/31,,,,,,,,,,,,,,,,,,,,,,,,,,,,,,
NUS_DSML,National University of Singapore,MSc Data Science and Machine Learning,2026,Singapore,Asia,Public,Science/Statistics,Top,1,1,0,0,1,3,Required,NR,58860,SGD,12,1,Official Website,https://www.math.nus.edu.sg/cdsml/ms-dsml/dsml-prospective-students/,2026-09-27,IELTS 6.0 overall; TOEFL 85/4.5; waivable for English-taught degrees,Not reported,S$100,Not specified,No (requires quantitative science/engineering/CS),Full-time,2027/1/31,,,,,,,,,,,,,,,,,,,,,,,,,,,,,,
HKU_MSBA,The University of Hong Kong,MSc Business Analytics,2026,Hong Kong,Asia,Public,Business School,Top,1,1,1,1,1,5,Required,Optional,468000,HKD,24,0,Official Website/Official PDF,https://portal.hku.hk/tpg-admissions/programme-details?programme=master-of-science-in-business-analytics-hkubs,2026-09-27,IELTS 6.0(5.5); TOEFL 80/4.5;TOEFL/IELTS required if not from English-medium university,Not required,HK$780,Not specified,Yes (any discipline),Full-time,2026/12/4,,,,,,,,,,,,,,,,,,,,,,,,,,,,,,
NTU_MSBA,Nanyang Technological University,MSc Business Analytics,2026,Singapore,Asia,Public,Business School,Top,1,1,1,1,1,5,Required,Optional,75210,SGD,12,0,Official Website,https://www.ntu.edu.sg/education/graduate-programme/master-of-science-in-business-analytics#career,2026-09-27,TOEFL ≥100 iBT or IELTS ≥6.5 (waived if English-medium undergraduate),Not required,S$100,Not specified,Yes (any discipline),Full-time,2027/3/31,,,,,,,,,,,,,,,,,,,,,,,,,,,,,,
NTU_MSDS,Nanyang Technological University,Master of Science in Data Science,2026,Singapore,Asia,Public,Engineering/CS,Top,0,0,1,1,0,2,Required,Optional,65748.8,SGD,12,0,Official Website,https://www.ntu.edu.sg/education/graduate-programme/master-of-science-in-data-science-(msds)#additionaiInformation,2026-09-27,"TOEFL iBT ≥100 (writing ≥5.0) / IELTS ≥6.5, or MOI certification",Not required (but 2 years relevant industry experience required if no honours degree),S$50,Not specified,No,Full-time,Not reported,,,,,,,,,,,,,,,,,,,,,,,,,,,,,,
CUHK_MScBA,The Chinese University of Hong Kong,MSc in Business Analytics,2026,Hong Kong,Asia,Public,Business School,Top,1,0,1,0,1,3,Required,Optional,400000,HKD,12,0,Official Website,https://www.gs.cuhk.edu.hk/programmes/business-administration/msc-business-analytics,2026-09-27,TOEFL 79/120 iBT or IELTS Academic 6.5; waived if English-medium degree or HK university graduate,Not required,NR,Second Class honours or B average,Yes,Full-time,2027/3/31,,,,,,,,,,,,,,,,,,,,,,,,,,,,,,
CUHK_DSBS,The Chinese University of Hong Kong,MSc in Data Science and Business Statistics,2026,Hong Kong,Asia,Public,Science/Statistics,Top,NR,NR,NR,NR,NR,NR,Required,NR,231000,HKD,12,0,Official Website,https://www.gs.cuhk.edu.hk/programmes/science/msc-data-science-and-business-statistics,2026-09-27,TOEFL 79/120 iBT or IELTS Academic 6.5; waived for English-medium degrees or HK university graduates,Not required,NR,Second Class honours or B average,NR,Full-time,2027/2/28,,,,,,,,,,,,,,,,,,,,,,,,,,,,,,
HKUST_MScBA,The Hong Kong University of Science and Technology,MSc in Business Analytics,2026,Hong Kong,Asia,Public,Business School,Top,1,1,0,1,1,4,Recommended,Optional,375000,HKD,12,0,Official Website,https://prog-crs.hkust.edu.hk/pgprog/2025-26/msc-ba,2026-09-27,TOEFL-iBT 80 / IELTS 6.5 (sub 5.5); waived if English-medium degree or native English,Not required (preferred),NR,Not specified,Yes (preferred related area),Full-time,Not reported,,,,,,,,,,,,,,,,,,,,,,,,,,,,,,
CityU_MScBDA,City University of Hong Kong,MSc Business and Data Analytics,2026,Hong Kong,Asia,Public,Business School,Top,1,0,1,1,0,3,Required,NR,360000,HKD,12,0,Official Website,https://www.cityu.edu.hk/en/pg/programme/program-list/2027/college-of-business/college-of-business/p84,2026-09-27,TOEFL 79 iBT (before 2026-01-21) / 4 (on/after); IELTS 6.0; CET-6 450,Not required,NR,Not specified,Yes (with math knowledge),Full-time,2027/4/30,,,,,,,,,,,,,,,,,,,,,,,,,,,,,,
CityU_MSDS,City University of Hong Kong,Master of Science in Data Science,2026,Hong Kong,Asia,Public,Engineering/CS,Top,1,0,1,1,0,3,Required,NR,327000,HKD,12,0,Official Website,https://www.ds.cityu.edu.hk/programmes/postgraduate-programmes/msds,2026-09-27,TOEFL 79 iBT (before 2026-01-21) / 4.5 (on/after); IELTS 6.5; CET-6 450,Not required,NR,Not specified,No (requires Engineering/Science/relevant),Full-time,Not reported,,,,,,,,,,,,,,,,,,,,,,,,,,,,,,
PolyU_MScBA,The Hong Kong Polytechnic University,Master of Science in Business Analytics,2026,Hong Kong,Asia,Public,Business School,Top,0,0,0,0,1,1,Required,NR,399000,HKD,18,0,Official Website,https://www.polyu.edu.hk/study/pg/tpg/2027/23090-maf-map,2026-09-27,TOEFL iBT 80/120 or IELTS Academic 6.0; must be taken in one sitting within 2 years; Home Edition / IELTS Online / Indicator / One Skill Retake not accepted,Not required (preferred at least 1 year),NR,Not specified,Yes,Full-time,2027/2/25,,,,,,,,,,,,,,,,,,,,,,,,,,,,,,
PolyU_MSDSA,The Hong Kong Polytechnic University,MSc in Data Science and Analytics,2026,Hong Kong,Asia,Public,Science/Statistics,Top,1,1,1,0,0,3,Required,NR,387000,HKD,18,0,Official Website,https://www.polyu.edu.hk/dsai/study/tpg/mscdsa/curriculum/,2026-09-27,TOEFL iBT 80/120 or IELTS Academic 6.0 (single sitting within 2 years; Home Edition/Online/Indicator/One Skill Retake not accepted),Not required,NR,Not specified,Yes (with adequate math/IT background),Full-time,2026/10/23,,,,,,,,,,,,,,,,,,,,,,,,,,,,,,
NUS_MScStat,National University of Singapore,MSc in Statistics (Professional Training in Statistics and Data Science),2026,Singapore,Asia,Public,Science/Statistics,Top,1,0,0,0,0,1,Required,Not reported,NR,SGD,12,0,Official Website,https://www.stat.nus.edu.sg/education/graduate/msc-in-statistics/prospective-students/,2026-09-27,TOEFL 85 / IELTS 6.0,Not required,S$100,3,Yes (case-by-case),Full-time,2027/1/31,,,,,,,,,,,,,,,,,,,,,,,,,,,,,,
NUS_MCompAI,National University of Singapore,MSc (Artificial Intelligence & Innovation),2026,Singapore,Asia,Public,Interdisciplinary/Other,Top,0,1,1,0,0,2,Recommended,Not reported,58860,SGD,12,0,Official Website,https://scale.nus.edu.sg/programmes/graduate/msc-(artificial-intelligence-innovation),2026-09-27,TOEFL 85 / IELTS 6.0,Not required (1 year if 3-year degree),S$163.50,3,Yes (STEM and non-STEM),Full-time,2027/1/31,,,,,,,,,,,,,,,,,,,,,,,,,,,,,,
NTU_MScEntAI,Nanyang Technological University,Master of Science in Enterprise Artificial Intelligence,2026,Singapore,Asia,Public,Interdisciplinary/Other,Top,0,1,1,0,1,3,Not required,Not reported,60085,SGD,12,0,Official Website,https://www.ntu.edu.sg/education/graduate-programme/master-of-science-in-enterprise-artificial-intelligence,2026-09-27,TOEFL iBT 90 or 4.5; IELTS 6.0; waivable if English-medium degree,Not required (preferred for part-time),S$50,Not specified,Yes (any discipline),Full-time,2026/11/30,,,,,,,,,,,,,,,,,,,,,,,,,,,,,,
NTU_MSAI,Nanyang Technological University,Master of Science in Artificial Intelligence,2026,Singapore,Asia,Public,Engineering/CS,Top,0,1,1,0,0,2,Required,Optional,65748.8,SGD,12,0,Official Website,https://www.ntu.edu.sg/education/graduate-programme/master-of-science-in-artificial-intelligence#additionaiInformation,2026-09-27,TOEFL iBT ≥100/≥5.0; IELTS ≥6.5; or MOI certification,Not required (2 years if no honours degree),S$50,Not specified,No (requires CS/CE or related),Full-time,Not reported,,,,,,,,,,,,,,,,,,,,,,,,,,,,,,
HKUST_MScBDT,The Hong Kong University of Science and Technology,Master of Science in Big Data Technology,2026,Hong Kong,Asia,Public,Engineering/CS,Top,0,1,1,0,0,2,Required,Recommended,300000,HKD,12,0,Official Website,https://seng.hkust.edu.hk/msc/bdt,2026-09-27,TOEFL-iBT 80 / IELTS 6.5 (sub 5.5),Not required (advantage with work experience),NR,Not specified,Yes (with relevant work experience),Full-time,Not reported,,,,,,,,,,,,,,,,,,,,,,,,,,,,,,
HKUST_MScISM,The Hong Kong University of Science and Technology,Master of Science in Information Systems Management,2026,Hong Kong,Asia,Public,Business School,Top,0,0,0,0,1,1,Not required,Recommended,336000,HKD,12,0,Official Website,https://mscism.hkust.edu.hk/,2026-09-27,TOEFL-iBT 80 / IELTS 6.5 (sub 5.5),Not required (advantage with work experience),NR,Not specified,Yes (business and non-business),Full-time,Not reported,,,,,,,,,,,,,,,,,,,,,,,,,,,,,,
CUHK_MScASDS,The Chinese University of Hong Kong,MSc in Advanced Studies in Statistics and Data Science,2026,Hong Kong,Asia,Public,Science/Statistics,Top,1,0,0,0,0,1,Required,Not reported,231000,HKD,12,0,Official Website,https://www.gs.cuhk.edu.hk/programmes/science/msc-advanced-studies-statistics-and-data-science,2026-09-27,TOEFL 79/120; IELTS 6.5; or English-medium degree,Not required,NR,Not specified,No (requires Statistics or related),Full-time,2027/2/28,,,,,,,,,,,,,,,,,,,,,,,,,,,,,,
CityU_MScAI,City University of Hong Kong,MSc Artificial Intelligence,2027,Hong Kong,Asia,Public,Engineering/CS,Top,0,1,1,0,0,2,Required,Not reported,NR,HKD,12,0,Official Website,https://www.cityu.edu.hk/en/pg/programme/program-list/2027/college-of-computing/department-of-computer-science/p75,2026-09-27,TOEFL 79 (prior 21 Jan 2026) or 4 (from 21 Jan 2026); IELTS 6.0; CET-6 450,Not required (IT experience required for non-CS related degrees),NR,Not specified,Yes (with IT background/work experience),Full-time,2027/5/31,,,,,,,,,,,,,,,,,,,,,,,,,,,,,,
CityU_MScAIS,City University of Hong Kong,MSc Artificial Intelligence for Sciences,2027,Hong Kong,Asia,Public,Science/Statistics,Top,1,1,1,0,0,3,Recommended (preferably STEM),Not reported,NR,HKD,12,0,Official Website,https://www.cityu.edu.hk/en/pg/programme/program-list/2027/college-of-computing/department-of-data-science/p79,2026-09-27,TOEFL 79/4; IELTS 6.0; CET-6 450,Not required,NR,Not specified,Yes (STEM preferred),Full-time,2027/3/31,,,,,,,,,,,,,,,,,,,,,,,,,,,,,,
MIT_MSBA,Massachusetts Institute of Technology,Master of Business Analytics (MBAn),2026,United States,North America,Private,Business School,Top,0,1,1,0,1,3,Recommended,Optional,96884,USD,12,1,Official Website,https://mitsloan.mit.edu/master-of-business-analytics/admissions/how-to-apply,2026-09-27,Not required,Not required,150,Not reported,Yes,Full-time / On-campus,2027/1/5,,,,,,,,,,,,,,,,,,,,,,,,,,,,,,
UCLA_MSBA,"University of California, Los Angeles",MS in Business Analytics (MSBA),2026,United States,North America,Public,Business School,Top,1,1,1,0,1,4,Recommended,Required,81600,USD,15,1,Official Website,https://www.anderson.ucla.edu/degrees/master-of-science-in-business-analytics/admissions/faq,2026-09-27,IELTS 7.5 / TOEFL 100,Not required,200,3.0/4.0,Yes,Full-time / On-campus,2027-01-08; 2027-03-05; 2027-05-07,,,,,,,,,,,,,,,,,,,,,,,,,,,,,,
Columbia_MSBA,Columbia University,MS in Business Analytics,2026,United States,North America,Private,Business School,Top,1,1,0,0,1,3,Required,Optional,93024,USD,12,1,Official Website,https://ieor.columbia.edu/business-analytics-msba,2026-09-27,Not reported,Not required,150,Not reported,Yes,Full-time / On-campus,Not reported,,,,,,,,,,,,,,,,,,,,,,,,,,,,,,
Duke_MQM,Duke University,MQM: Business Analytics,2026,United States,North America,Private,Business School,Top,1,1,1,1,1,5,Required,Waived-Conditional,87800,USD,10,1,Official Website,https://www.fuqua.duke.edu/programs/mqm-business-analytics/tuition-costs,2026-09-27,Not reported,Not required,125,Not reported,Yes,Full-time / On-campus,Not reported,,,,,,,,,,,,,,,,,,,,,,,,,,,,,,
Cornell_MPSBA,Cornell University,Master of Science in Business Analytics (MSBA),2026,United States,North America,Private,Business School,Top,0,1,1,1,1,4,Not reported,Not required,89864,USD,10,1,Official Website,https://business.cornell.edu/admissions/graduate/msba/application-guide/,2026-09-27,Not reported,Not required,105,Not reported,Yes,Full-time / On-campus,2026-12-01; 2027-01-15; 2027-03-01; 2027-04-15,,,,,,,,,,,,,,,,,,,,,,,,,,,,,,
CMU_MSA,Carnegie Mellon University,Full-Time Master of Science in Business Analytics (MSBA),2026,United States,North America,Private,Business School,Top,1,1,1,0,1,4,Required,Waived-Conditional,80244,USD,9,1,Official Website,https://www.cmu.edu/tepper/programs/master-business-analytics/admissions/apply,2026-09-27,TOEFL/IELTS required if applicable,Not required,125,Not reported,Yes,Full-time / On-campus,2026-10-14; 2027-01-13; 2027-03-03,,,,,,,,,,,,,,,,,,,,,,,,,,,,,,
UT_Austin_MSBA,The University of Texas at Austin,Master of Science in Business Analytics and Artificial Intelligence,2026,United States,North America,Public,Business School,Top,0,1,1,0,1,3,Required,Optional,59700,USD,10,1,Official Website,https://www.mccombs.utexas.edu/graduate/specialized-masters/ms-business-analytics-and-artificial-intelligence/on-campus/admissions/application-process/,2026-09-27,TOEFL/IELTS required if applicable,Not required,Not reported,Not reported,Yes,Full-time / On-campus,2026-10-20; 2027-01-19; 2027-04-06; 2027-05-11,,,,,,,,,,,,,,,,,,,,,,,,,,,,,,
USC_MSBA,University of Southern California,Master of Science in Business Analytics (MSBA),2026,United States,North America,Private,Business School,Top,1,1,0,1,1,4,Required,Not required,83853,USD,18,1,Official Website,https://www.marshall.usc.edu/programs/graduate-programs/specialized-masters/ms-business-analytics/admissions,2026-09-27,TOEFL/IELTS required for international applicants,Not required,175,Not reported,Yes,Full-time / On-campus,2026-11-01; 2027-01-15; 2027-04-15,,,,,,,,,,,,,,,,,,,,,,,,,,,,,,
UW_MSBA,University of Washington,Master of Science in Business Analytics,2026,United States,North America,Public,Business School,Top,1,1,1,0,1,4,Recommended,Waived-Conditional,62955,USD,12,1,Official Website,https://foster.uw.edu/academics/degree-programs/master-science-business-analytics/admissions-msba/,2026-09-27,Not reported,Not required,Not reported,3.0/4.0,Yes,Full-time / On-campus,2026-10-20; 2027-01-05,,,,,,,,,,,,,,,,,,,,,,,,,,,,,,
Purdue_MSBA,Purdue University,Master of Science in Business Analytics and Information Management,2026,United States,North America,Public,Business School,Top,0,0,1,0,1,2,Not required,Waived-Conditional,56700,USD,12,1,Official Website,https://www.business.purdue.edu/masters/programs/ms-business-analytics-and-information-management/application.php,2026-09-27,Not reported,Not required,Not reported,3.0/4.0,Yes,Full-time / On-campus,2026-12-15; 2027-04-01,,,,,,,,,,,,,,,,,,,,,,,,,,,,,,
UofT_MMA,University of Toronto,Master of Management Analytics (MMA),2026,Canada,North America,Public,Business School,Top,1,1,1,1,1,5,Required,Optional,85000,CAD,15,1,Official Website,https://rotman.utoronto.ca/programs/specialized-programs/master-of-management-analytics/admissions/,2026-09-27,IELTS 7.0 / TOEFL 100,Not required,195,3.0/4.0 equivalent,Yes,Full-time / On-campus,2026-10-14; 2027-01-20; 2027-03-24,,,,,,,,,,,,,,,,,,,,,,,,,,,,,,
McGill_MSBA,McGill University,Master of Management in Analytics (MMA),2026,Canada,North America,Public,Business School,Top,1,1,0,1,1,4,Not required,Optional,79020,CAD,12,1,Official Website,https://www.mcgill.ca/desautels/programs/mma,2026-09-27,IELTS 7.0 / TOEFL 100,Not required,Not reported,Not reported,Yes,Full-time / On-campus,Not reported,,,,,,,,,,,,,,,,,,,,,,,,,,,,,,
UBC_MBAN,University of British Columbia,Master of Business Analytics (MBAN),2026,Canada,North America,Public,Business School,Top,NR,NR,NR,NR,NR,NR,Recommended,Required,75436,CAD,12,1,Official Website,https://org-www.sauder.ubc.ca/master-business-analytics/application-process/mban-admission-requirements,2026-09-27,IELTS 7.0 / TOEFL 100,Not reported,Not reported,Not reported,Yes,Full-time / On-campus,Rolling; first deadline October 6,,,,,,,,,,,,,,,,,,,,,,,,,,,,,,
UC_Berkeley_MIDS,"University of California, Berkeley",Master of Information and Data Science (MIDS),2026,United States,North America,Public,Science/Statistics,Top,1,1,1,0,0,3,Required,Not required,82226,USD,20,1,Official Website,https://datascience.berkeley.edu/,2026-09-27,Not reported,Not required,Not reported,Not reported,Yes,Online,Not reported,,,,,,,,,,,,,,,,,,,,,,,,,,,,,,
Harvard_MSBA,Harvard University,Master of Science in Data Science,2026,United States,North America,Private,Engineering/CS,Top,1,1,1,0,0,3,Not required,Optional,67504,USD,18,1,Official Website,https://gsas.harvard.edu/program/data-science,2026-09-27,Not reported,Not required,Not reported,Not reported,Yes,Full-time / On-campus,Not reported,,,,,,,,,,,,,,,,,,,,,,,,,,,,,,
NYU_MSBA,New York University,Master of Science in Business Analytics and AI (MSBAi),2026,United States,North America,Private,Business School,Top,1,1,1,1,1,5,Required,Not required,95900,USD,12,1,Official Website,https://www.stern.nyu.edu/programs-admissions/ms-business-analytics-ai/admissions,2026-09-27,TOEFL generally not required if degree/work is in English,Required,103,No specific GPA requirement,Yes,Part-time / Hybrid,2026-10-30; 2027-01-15; 2027-03-01,,,,,,,,,,,,,,,,,,,,,,,,,,,,,,
UMN_MSBA,University of Minnesota,Master of Science in Business Analytics & Artificial Intelligence (MSBAi),2026,United States,North America,Public,Business School,Top,1,1,1,1,1,5,Required,Optional,56250,USD,12,1,Official Website,https://carlsonschool.umn.edu/graduate/masters/business-analytics-ai/admissions/requirements-deadlines,2026-09-27,Not reported,Not required,Not reported,Not reported,Yes,Full-time / On-campus,2026-11-01; 2027-01-15; 2027-03-15; 2027-05-15,,,,,,,,,,,,,,,,,,,,,,,,,,,,,,
OCE_UNSW_GCBA,University of New South Wales,Graduate Certificate in Business Analytics,2026,Australia,Oceania,Public,Business School,Top,NR,NR,NR,NR,1,1,Not reported,Not reported,31000,AUD,8.4,NR,Official Website,https://www.unsw.edu.au/study/postgraduate/graduate-certificate-in-business-analytics,2026-09-27,Not reported,Not required,Not reported,Not reported,Yes,Face-to-face / Blended,Not reported,,,,,,,,,,,,,,,,,,,,,,,,,,,,,,
OCE_SYD_MBALE,University of Sydney,Master of Business Administration (Leadership and Enterprise),2026,Australia,Oceania,Public,Business School,Top,0,0,0,0,0,0,Required,Not reported,Not reported,AUD,24,NR,Official Website,https://www.sydney.edu.au/courses/courses/pc/master-of-business-administration-leadership-and-enterprise.html,2026-09-27,Not reported,Required,Not reported,Not reported,Yes,Full-time,2026-11-29; 2027-01-10; 2027-02-28; 2027-04-04; 2027-05-30,,,,,,,,,,,,,,,,,,,,,,,,,,,,,,
OCE_ANU_CADAN,Australian National University,Graduate Certificate of Applied Data Analytics,2026,Australia,Oceania,Public,Interdisciplinary,Top,1,1,1,0,1,4,Not reported,Not reported,28820,AUD,6,NR,Official Website,https://programsandcourses.anu.edu.au/2026/program/CADAN,2026-09-27,Not reported,Not reported,Not reported,Not reported,Yes,In Person,Not accepting 2026 admissions,,,,,,,,,,,,,,,,,,,,,,,,,,,,,,
OCE_ANU_MEMPA,Australian National University,Executive Master of Public Administration,2026,Australia,Oceania,Public,Other,Top,0,0,0,0,0,0,Required,Not reported,57640,AUD,18,NR,Official Website,https://programsandcourses.anu.edu.au/2026/program/MEMPA,2026-09-27,Not reported,Required,Not reported,5.0/7.0,Yes,Full-time / In Person,Not open to direct ANU applications,,,,,,,,,,,,,,,,,,,,,,,,,,,,,,
OCE_NTU_MSBA,Nanyang Technological University,Master of Science in Business Analytics,2026,Singapore,Oceania,Public,Business School,Top,1,1,1,1,1,5,Required,Optional,75210,SGD,12,NR,Official Website,https://www.ntu.edu.sg/business/admissions/graduate-studies/msc-business-analytics/admissions,2026-09-27,IELTS 6.5 / TOEFL 100,Not required,100,Not reported,Yes,Full-time / On-campus,2026-11-30; 2027-01-31; 2027-03-31,,,,,,,,,,,,,,,,,,,,,,,,,,,,,,
OCE_MONASH_MSBA,Monash University,Master of Business Analytics,2026,Australia,Oceania,Public,Business School,Top,1,1,1,1,1,5,Required,Not reported,Not reported,AUD,24,NR,Official Website,https://www.monash.edu/study/courses/find-a-course/business-analytics-b6022,2026-09-27,IELTS 6.5,Not reported,Not reported,Not reported,Yes,Full-time / On-campus,2026/9/30,,,,,,,,,,,,,,,,,,,,,,,,,,,,,,
OCE_UQ_GCBA,University of Queensland,Graduate Certificate in Business Analytics,2026,Australia,Oceania,Public,Business School,Top,NR,NR,NR,NR,1,1,Not reported,Not reported,21000,AUD,8.4,NR,Official Website,https://study.uq.edu.au/study-options/programs/graduate-certificate-business-analytics-5726?year=2026,2026-09-27,IELTS 6.5,Not reported,Not reported,Not reported,Yes,Online / Part-time,Not reported,,,,,,,,,,,,,,,,,,,,,,,,,,,,,,
OCE_UQ_MSBA,University of Queensland,Master of Business Analytics,2026,Australia,Oceania,Public,Business School,Top,1,0,0,0,1,2,Required,Not reported,25016,AUD,36,1,Official Website,https://study.uq.edu.au/study-options/programs/master-business-analytics-5188?year=2026,2026-09-27,IELTS 6.5,Required for non-relevant degree,Not reported,4.5/7.0,Yes,Online / Part-time,2027-01-31; 2027-06-30,,,,,,,,,,,,,,,,,,,,,,,,,,,,,,
OCE_UQ_MDS,University of Queensland,Master of Data Science,2026,Australia,Oceania,Public,Engineering,Top,1,1,1,0,0,3,Required,Not reported,60952,AUD,24,1,Official Website,https://study.uq.edu.au/study-options/programs/master-data-science-5660,2026-09-27,IELTS 6.5,Not reported,Not reported,Not reported,Yes,Full-time / On-campus,Not reported,,,,,,,,,,,,,,,,,,,,,,,,,,,,,,
OCE_UWA_MSBA,University of Western Australia,Master of Business Analytics,2026,Australia,Oceania,Public,Business School,Top,1,1,1,1,1,5,Required,Not reported,Not reported,AUD,18,1,Official Website,https://www.uwa.edu.au/study/courses/master-of-business-analytics,2026-09-27,IELTS 6.5,Not required,Not reported,60% WAM,Yes,Full-time / On-campus,2026 Semester 1 / Semester 2,,,,,,,,,,,,,,,,,,,,,,,,,,,,,,
OCE_ADELAIDE_IMBA_BA,Adelaide University,International Master of Business Administration specialising in Business Analytics,2026,Australia,Oceania,Public,Business School,Top,1,0,1,0,1,3,Required,Not reported,52500,AUD,24,NR,Official Website,https://adelaide.edu.au/study/degrees/international-master-of-business-administration-business-analytics/,2026-09-27,Not reported,Not required,Not reported,Not reported,Yes,Full-time / On-campus,Not reported,,,,,,,,,,,,,,,,,,,,,,,,,,,,,,
OCE_ADELAIDE_MAACB,Adelaide University,Master of Accounting and Business Analytics,2026,Australia,Oceania,Public,Business School,Top,1,0,1,0,1,3,Not required,Not reported,54300,AUD,24,NR,Official Website,https://adelaide.edu.au/study/degrees/master-of-accounting-and-business-analytics/,2026-09-27,IELTS 6.5,Not reported,Not reported,Not reported,Yes,Full-time / On-campus,Not reported,,,,,,,,,,,,,,,,,,,,,,,,,,,,,,
OCE_ADELAIDE_MAFIB,Adelaide University,Master of Finance and Business Analytics,2026,Australia,Oceania,Public,Business School,Top,1,0,1,0,1,3,Not required,Not reported,54300,AUD,24,NR,Official Website,https://adelaide.edu.au/study/degrees/master-of-finance-and-business-analytics/,2026-09-27,IELTS 6.5,Not reported,Not reported,Not reported,Yes,Full-time / On-campus,Not reported,,,,,,,,,,,,,,,,,,,,,,,,,,,,,,
NUS_MSBA,National University of Singapore,Master of Science in Business Analytics,2026,Singapore,Asia,Public,Business School,Top,1,1,1,1,1,5,Required,Optional,87550,SGD,13,NR,Official Website,https://msba.nus.edu.sg/programme/,2026-09-27,Not required,Not required,100,No minimum cut-off,Yes,Full-time / Part-time,2027/1/31,,,,,,,,,,,,,,,,,,,,,,,,,,,,,,
Imperial_MSBAAI,Imperial College London,MSc Business Analytics and AI,2026,United Kingdom,Europe,Other-Unclear,Business School,Top,1,1,1,1,1,5,Not reported,Optional,47000,GBP,12,0,Official Website,https://www.imperial.ac.uk/study/courses/postgraduate-taught/2026/business-analytics/,2026-09-27,IELTS Academic: 7.0 overall with minimum 6.5 in all elements; TOEFL accepted (score threshold not stated in the collected Raw evidence),Not required,125,First or 2:1 in a quantitative subject.,Yes,Full-time,2026-09-28; 2027-01-06; 2027-03-10; 2027-04-28,,,,,,,,,,,,,,,,,,,,,,,,,,,,,,
Imperial_MScStatDSML,Imperial College London,MSc Statistics (Data Science and Machine Learning),2026,United Kingdom,Europe,Other-Unclear,Science/Statistics,Top,1,1,1,NR,NR,3,Not reported,Not reported,39900,GBP,12,0,Official Website,https://www.imperial.ac.uk/study/courses/postgraduate-taught/2026/statistics/,2026-09-27,"IELTS Academic 7.0 overall, minimum 6.5 in each element (Higher level)",Not reported,NR,"2:1 in Statistics, Mathematics, Engineering, Physics or Computer Science.",NR,Full-time,Not reported,,,,,,,,,,,,,,,,,,,,,,,,,,,,,,
Oxford_MScSDS,University of Oxford,MSc Social Data Science,2026,United Kingdom,Europe,Other-Unclear,Interdisciplinary-Other,Top,1,1,1,NR,NR,3,Not reported,Not required,38430,GBP,10,0,Official Website,https://www.ox.ac.uk/admissions/graduate/courses/msc-social-data-science,2026-09-27,"IELTS Academic: 7.5 overall, minimum 7.0 per component; TOEFL iBT: 110 overall with Listening 22, Reading 24, Speaking 25, Writing 24 (Oxford notes revised TOEFL tests from 21 January 2026 are temporarily not accepted pending review).",Not reported,£75,First-class honours; US GPA normally 3.7/4.0,Yes,Full-time,Not reported,,,,,,,,,,,,,,,,,,,,,,,,,,,,,,
ETH_MScDS,ETH Zurich,MSc Data Science,2026,Switzerland,Europe,Public,Interdisciplinary-Other,Top,NR,NR,NR,NR,NR,0,Not reported,Not reported,2190,CHF/semester,24,0,Official Website,https://ethz.ch/en/studies/master/degree-programmes/engineering-sciences/data-science.html,2026-09-27,CEFR C1 English required; recognised language certificate required unless exempt,Not reported,NR,Not specified,Yes,Full-time,Not reported,,,,,,,,,,,,,,,,,,,,,,,,,,,,,,
UCL_MScBA,University College London (UCL),MSc Business Analytics,2026,United Kingdom,Europe,Other-Unclear,Business School,Top,1,1,0,0,1,3,Not reported,Not reported,46700,GBP,12,1,Official Website,https://www.ucl.ac.uk/prospective-students/graduate/taught-degrees/business-analytics-msc,2026-09-27,"IELTS 7.0 overall, minimum 6.5 in each subtest.",Not reported,£160,Not specified,NR,Full-time,2026-06-26 (visa applicants); 2026-08-28 (non-visa applicants),,,,,,,,,,,,,,,,,,,,,,,,,,,,,,
UCL_MScDS,University College London (UCL),MSc Data Science,2026,United Kingdom,Europe,Other-Unclear,Science/Statistics,Top,1,1,1,NR,NR,3,Not reported,Not reported,46700,GBP,12,0,Official Website,https://www.ucl.ac.uk/prospective-students/graduate/taught-degrees/data-science-msc,2026-09-27,"IELTS Academic 6.5 overall, minimum 6.0 in each component.",Not reported,NR,Not specified,NR,Full-time,2026-03-27 (visa applicants); 2026-08-28 (non-visa applicants),,,,,,,,,,,,,,,,,,,,,,,,,,,,,,
EPFL_MScDS,EPFL,Master in Data Science,2026,Switzerland,Europe,Public,Interdisciplinary-Other,Top,1,1,1,1,NR,4,Required,Not reported,2190,CHF,24,0,Official Website,https://www.epfl.ch/education/master/programs/data-science/,2026-09-27,NR,Not reported,CHF 150 foreign Bachelor's degree; CHF 50 Swiss HEU/UHS or HES/FHS Bachelor's; CHF 0 EPFL Bachelor's.,Not specified,Yes,NR,Master applications: mid-November–15 Dec or 16 Dec–31 Mar.,,,,,,,,,,,,,,,,,,,,,,,,,,,,,,
EPFL_MFE,EPFL,Master in Financial Engineering,2026,Switzerland,Europe,Public,Business School,Top,NR,NR,NR,NR,NR,0,Not reported,Not reported,2190,CHF,24,0,Official Website,https://www.epfl.ch/education/master/programs/financial-engineering/,2026-09-27,NR,Not reported,CHF 150 foreign Bachelor's degree; CHF 50 Swiss HEU/UHS or HES/FHS Bachelor's; CHF 0 EPFL Bachelor's.,Not specified,Yes,NR,Master applications: mid-November–15 Dec or 16 Dec–31 Mar; online form closes 15 Dec and 31 Mar.,,,,,,,,,,,,,,,,,,,,,,,,,,,,,,
TUM_MScFIM,Technical University of Munich (TUM),MSc Finance and Information Management,2026,Germany,Europe,Public,Business School,Top,NR,NR,1,NR,1,2,Not reported,Optional,6000,EUR/semester,24,0,Official Website,https://www.tum.de/en/studies/degree-programs/detail/finance-and-information-management-fim-master-of-science-msc,2026-09-27,NR,Not reported,NR,Not specified,Yes,Full-time,2026/5/31,,,,,,,,,,,,,,,,,,,,,,,,,,,,,,
TUM_MScMDS,Technical University of Munich (TUM),MSc Mathematics in Data Science,2026,Germany,Europe,Public,Science/Statistics,Top,NR,NR,NR,NR,NR,0,Not reported,Not reported,6000,EUR/semester,24,0,Official Website,https://www.tum.de/en/studies/degree-programs/detail/mathematics-in-data-science-master-of-science-msc,2026-09-27,IELTS 6.5 minimum; TOEFL iBT 88 minimum; qualifying prior English-medium study may also satisfy requirement,Not reported,NR,Not specified,NR,Full-time,2026-05-31; 2026-11-30,,,,,,,,,,,,,,,,,,,,,,,,,,,,,,
KCL_MScDS,King's College London,MSc Data Science,2026,United Kingdom,Europe,Other-Unclear,Engineering/CS,Top,1,1,1,1,NR,4,Not reported,Not reported,40450,GBP,12,0,Official Website,https://www.kcl.ac.uk/study/postgraduate-taught/courses/data-science-msc,2026-09-27,"IELTS Academic 7.0 overall, minimum 6.5 in each skill (Band B)",Not reported,NR,Not specified,NR,Full-time,Not reported,,,,,,,,,,,,,,,,,,,,,,,,,,,,,,
KCL_MScFA,King's College London,MSc Finance Analytics,2026,United Kingdom,Europe,Other-Unclear,Business School,Top,NR,NR,NR,1,1,2,Not reported,Optional,45100,GBP,12,0,Official Website,https://www.kcl.ac.uk/study/postgraduate-taught/courses/finance-analytics-msc,2026-09-27,"IELTS Academic 7.0 overall, minimum 6.5 in each skill (Band B)",Not reported,£130,Minimum high 2:1 honours; final mark at least 65% in UK marking scheme.,Yes,Full-time,Not reported,,,,,,,,,,,,,,,,,,,,,,,,,,,,,,
Edinburgh_MScBA,University of Edinburgh,MSc Business Analytics,2026,United Kingdom,Europe,Other-Unclear,Business School,Top,NR,NR,NR,NR,NR,0,Recommended,Not reported,34800,GBP,12,1,Official Website,https://study.ed.ac.uk/programmes/postgraduate-taught/929-business-analytics,2026-09-27,"IELTS Academic 7.0 overall, minimum 6.0 in each component",Not required,£60 non-refundable application fee.,UK 2:1 honours degree or international equivalent.,NR,Full-time,2025-10-15; 2025-12-10; 2026-02-11; 2026-04-22; 2026-06-10,,,,,,,,,,,,,,,,,,,,,,,,,,,,,,
Edinburgh_MScDS,University of Edinburgh,MSc Data Science,2026,United Kingdom,Europe,Other-Unclear,Engineering/CS,Top,NR,1,NR,NR,NR,1,Required,Not reported,45410,GBP,12,0,Official Website,https://study.ed.ac.uk/programmes/postgraduate-taught/902-data-science,2026-09-27,"IELTS Academic 7.0 overall, minimum 6.5 in each component",Not reported,NR,UK 2:1 or equivalent; typical offer normally requires UK first class.,Yes,Full-time,2026/3/31,,,,,,,,,,,,,,,,,,,,,,,,,,,,,,
Manchester_MScBA,University of Manchester,MSc Business Analytics: Operational Research and Risk Analysis,2026,United Kingdom,Europe,Other-Unclear,Business School,Top,1,1,1,0,1,4,Required,Not reported,35700,GBP,12,0,Official Website,https://www.manchester.ac.uk/study/undergraduate/courses/2026/09454/msc-business-analytics-operational-research-and-risk-analysis/,2026-09-27,NR,Not reported,£60 non-refundable application fee.,"First or Upper Second class honours degree (2:1, 60% average) or overseas equivalent.",Yes,Full-time,Not reported,,,,,,,,,,,,,,,,,,,,,,,,,,,,,,
Manchester_MScDSBM,University of Manchester,MSc Data Science (Business and Management),2026,United Kingdom,Europe,Other-Unclear,Interdisciplinary-Other,Top,1,1,1,1,NR,4,Required,Not reported,35200,GBP,12,0,Official Website,https://www.manchester.ac.uk/study/online-blended-learning/courses/09454/msc-data-science-business-and-management/,2026-09-27,IELTS Academic 7.0 overall with no component below 6.5; TOEFL iBT 100 with no section below 22,Not reported,NR,High 2:1 honours degree or overseas equivalent.,Yes,Full-time,2025-12-07; 2026-03-01; 2026-05-03; 2026-07-05,,,,,,,,,,,,,,,,,,,,,,,,,,,,,,
TUDelft_MScDSAIT,TU Delft,MSc Data Science and Artificial Intelligence Technology,2026,Netherlands,Europe,Other-Unclear,Engineering/CS,Top,NR,NR,NR,NR,NR,0,Not reported,Not reported,,EUR,24,0,Official Website,https://www.tudelft.nl/en/education/programmes/masters/data-science-and-artificial-intelligence,2026-09-27,NR,Not reported,NR,Not specified,NR,NR,Not reported,,,,,,,,,,,,,,,,,,,,,,,,,,,,,,
Bristol_MScBA,University of Bristol,MSc Business Analytics,2026,United Kingdom,Europe,Other-Unclear,Business School,Top,1,1,1,1,1,5,Required,Not reported,33900,GBP,12,0,Official Website,https://www.bristol.ac.uk/study/postgraduate/taught/msc-business-analytics/,2026-09-27,"IELTS Academic 7.0 overall, minimum 6.5 in each skill (Profile B)",Not required,NR,Typically upper second-class honours degree or international equivalent.,NR,Full-time,2026-08-13 (Overseas); 2026-09-10 (Home),,,,,,,,,,,,,,,,,,,,,,,,,,,,,,
Bristol_MScDS,University of Bristol,MSc Data Science,2026,United Kingdom,Europe,Other-Unclear,Engineering/CS,Top,1,1,1,1,NR,4,Required,Not reported,36500,GBP,12,0,Official Website,https://www.bristol.ac.uk/study/postgraduate/taught/msc-data-science/,2026-09-27,"IELTS Academic 6.5 overall, minimum 6.5 in each skill (Profile C)",Not reported,NR,Strong upper second-class honours degree (65% or higher) or international equivalent.,Yes,Full-time,2026-08-13 (Overseas); 2026-09-10 (Home),,,,,,,,,,,,,,,,,,,,,,,,,,,,,,
UvA_MScDSBA,University of Amsterdam,MSc Data Science and Business Analytics,2026,Netherlands,Europe,Other-Unclear,Business School,Top,1,NR,1,NR,1,3,Not reported,Not reported,24050,EUR,12,0,Official Website,https://www.uva.nl/en/programmes/masters/data-science-and-business-analytics/data-science-and-business-analytics.html,2026-09-27,IELTS Academic 6.5 overall; minimum 6.5 Speaking/Writing and 6.0 Listening/Reading,Not reported,NR,Not specified,NR,Full-time,2026-04-01 (non-EU/EEA visa/housing); 2026-01-15 (scholarship),,,,,,,,,,,,,,,,,,,,,,,,,,,,,,
KULeuven_MScSDS,KU Leuven,Master of Statistics and Data Science,2026,Belgium,Europe,Private,Science/Statistics,Top,1,1,1,0,NR,3,Required,Not reported,,EUR,24,0,Official Website,https://onderwijsaanbod.kuleuven.be/opleidingen/n/SC_58938898,2026-09-27,"IELTS Academic: minimum 7.0 overall, with Reading 6.5, Listening 6.0, Speaking 6.0 and Writing 6.0; TOEFL iBT: minimum 94 overall with stated subscores",Not reported,NR,Not specified,NR,NR,Not reported,,,,,,,,,,,,,,,,,,,,,,,,,,,,,,
Lund_MScDABE,Lund University,MSc Data Analytics and Business Economics,2026,Sweden,Europe,Public,Business School,Top,1,1,1,1,1,5,Not reported,Not reported,150000,SEK,12,0,Official Website,https://www.lunduniversity.lu.se/study/data-analytics-and-business-economics-masters-programme-EAGDA,2026-09-27,NR,Not reported,900,Not specified,NR,NR,Not reported,,,,,,,,,,,,,,,,,,,,,,,,,,,,,,
Warwick_MScBAAI,University of Warwick,MSc Business Analytics and Artificial Intelligence,2026,United Kingdom,Europe,Other-Unclear,Business School,Top,1,NR,1,NR,1,3,Not reported,Not reported,38150,GBP,12,0,Official Website,https://warwick.ac.uk/study/postgraduate/courses/msc-business-analytics-artificial-intelligence/,2026-09-27,"IELTS 7.0 overall, with component requirements stated by Warwick.",Not reported,NR,2:1 undergraduate degree or overseas equivalent (current page; programme was relaunched for 2026 entry).,Yes,Full-time,Not reported,,,,,,,,,,,,,,,,,,,,,,,,,,,,,,
Polimi_MScBADS,Politecnico di Milano,Master in Business Analytics and Data Science,2026,Italy,Europe,Public,Business School,Top,NR,NR,NR,NR,1,1,Not reported,Not reported,25000,EUR,12,0,Official Website,https://www.gsom.polimi.it/en/course/master-business-analytics-data-science,2026-09-27,"IELTS, TOEFL, TOEIC or equivalent (if already available at the time of application). No minimum score stated on the programme page.; TOEFL, TOEIC or equivalent (if already available at the time of application). No minimum score stated on the programme page.",Not required,100,Not specified,Yes,Full-time,Not reported,,,,,,,,,,,,,,,,,,,,,,,,,,,,,,
Utrecht_MScBI,Utrecht University,MSc Business Informatics,2026,Netherlands,Europe,Public,Engineering/CS,Top,NR,NR,NR,0,1,1,Not reported,Not reported,25306,EUR,24,0,Official Website,https://www.uu.nl/en/masters/business-informatics,2026-09-27,IELTS Academic 6.5 overall with minimum 6.0 in each skill; TOEFL iBT 93 overall with specified component minimums,Not reported,NR,Not specified,NR,Full-time,Not reported,,,,,,,,,,,,,,,,,,,,,,,,,,,,,,
Utrecht_MScDS,Utrecht University,MSc Data Science,2026,Netherlands,Europe,Public,Science/Statistics,Top,1,1,1,NR,NR,3,Not reported,Not reported,25306,EUR,24,0,Official Website,https://www.uu.nl/en/masters/data-science,2026-09-27,"IELTS Academic: 6.5 overall with minimum 6.0 in Speaking, Listening, Reading and Writing; TOEFL iBT: 93 overall with component minimums",Not reported,NR,Not specified,NR,Full-time,Not reported,,,,,,,,,,,,,,,,,,,,,,,,,,,,,,
,,,,,,,,,,,,,,,,,,,,,,,,,,,,,,,,,,,,,,,,,,,,,,,,,,,,,,,,,,,,