Variable,How to code it,
programme_id,"Team-created unique ID (P001, P002...). Use the same ID for the same programme in 2026.",
university,Official university name.,
programme_name,Official programme title for that year.,
year,2026,
country / region,Country plus one of four regions.,
Area,The continent to which the school belongs,
school_type,Public / Private / Other-Unclear.,
college_type,Business / Engineering-CS / Science-Statistics / Interdisciplinary-Other.,
ranking_tier,Broad team-defined tier: Top / Middle / Other-Unclear. Use one agreed published ranking source/rule.,
five *_core variables,1 only if required/core curriculum clearly covers the category; 0 if not; NR if not codable. Do not count electives as core.,
core_category_count,Automatic formula counting the five curriculum categories coded 1.,
prerequisites,Overall quantitative/programming prerequisite status: Required / Recommended / Not required / Not reported. Put unusual details in source notes if needed.,
GRE_GMAT_policy,Required / Optional / Not required / Waived-Conditional / Not reported. ,
tuition_amount / currency,Published tuition amount in original currency. Use NR/blank when unavailable; do not invent conversions.,
duration_months,Normal full-time duration in months.,
outcomes_reported,1 if official employment/graduate outcomes are publicly reported; 0 if not; NR if unclear.,
source_type,Official Website / Wayback Machine / Official PDF / Secondary Dataset / Other.,
source_url,Exact URL used to support the row.,
access_date,"Date source was accessed, YYYY-MM-DD.",
english_requirement,,
work_experience_required,,
application_fee,,
minimum_gpa,,
non_business_background_accepted,,
study_mode,,
application_deadline,,